BookingID,LeadID,BookingDate,BookingAmount,PaymentStatus
B6,6,2024-04-07,18320642.932687547,Partial
B8,8,2024-07-06,5136274.696165297,Partial
B16,16,2024-04-24,22643724.38018611,Partial
B17,17,2024-04-09,7410516.3095338335,Pending
B22,22,2024-03-29,14927564.984886058,Paid
B24,24,2024-05-11,14884222.845244277,Partial
B30,30,2024-06-25,11904860.175317202,Paid
B35,35,2024-11-20,17513331.406473342,Paid
B37,37,2024-01-19,17641761.064669516,Pending
B45,45,2024-05-11,10470275.58978058,Partial
B51,51,2024-09-20,14773930.006059635,Paid
B55,55,2024-04-13,11406190.931074137,Pending
B58,58,2025-02-14,12128114.10214665,Pending
B65,65,2024-10-09,12140597.472711576,Paid
B66,66,2024-03-09,15865884.942094015,Pending
B80,80,2024-07-26,19423708.38671335,Pending
B93,93,2024-06-13,9848461.87005127,Paid
B95,95,2024-08-06,21430427.50666411,Paid
B99,99,2024-10-16,7833441.353998057,Partial
B106,106,2024-09-25,9595229.27459968,Partial
B110,110,2024-07-23,7838295.255851987,Partial
B118,118,2024-08-25,4054633.042618448,Partial
B135,135,2024-08-18,15182825.811674945,Pending
B137,137,2024-02-03,13710555.84436409,Partial
B138,138,2024-11-27,12296799.970816977,Partial
B152,152,2024-08-08,14059628.945655731,Paid
B160,160,2024-09-16,10808214.406158755,Paid
B169,169,2024-11-28,17116227.8683704,Paid
B175,175,2024-10-03,4090022.4881737577,Paid
B179,179,2024-09-21,12937956.79078046,Pending
B181,181,2024-09-02,17144726.20079654,Paid
B187,187,2024-08-28,7109675.908936368,Paid
B191,191,2024-02-13,22162539.277790185,Pending
B192,192,2024-04-29,16668720.111073874,Paid
B194,194,2024-07-11,13651475.658658337,Paid
B195,195,2024-05-16,14423260.114216778,Partial
B196,196,2024-03-18,11395707.557839124,Paid
B200,200,2024-06-27,12053224.36226108,Pending
B207,207,2024-08-24,22100307.34294423,Partial
B209,209,2024-02-23,19440400.19887954,Paid
B214,214,2024-07-23,14702124.78485834,Partial
B215,215,2024-12-18,21533897.026220758,Partial
B218,218,2024-08-21,15668316.787315147,Pending
B231,231,2024-03-09,17292771.06825146,Paid
B235,235,2024-05-08,18277127.085349515,Partial
B237,237,2024-08-30,4815256.96310474,Paid
B238,238,2025-02-05,6581163.868591608,Pending
B239,239,2025-01-29,18189752.909700938,Pending
B251,251,2025-01-17,5405909.645057288,Pending
B255,255,2024-10-04,12073844.342426386,Paid
B258,258,2024-02-27,6146090.717297573,Pending
B287,287,2024-09-27,9363508.752599787,Pending
B288,288,2024-07-08,6474393.22025795,Pending
B290,290,2024-09-10,21648601.56931065,Paid
B293,293,2024-02-21,19630545.312939208,Paid
B310,310,2024-05-31,17955176.177661628,Pending
B311,311,2024-08-25,17658887.155702934,Pending
B314,314,2024-08-10,18857603.378048383,Pending
B329,329,2025-01-29,16477561.36752714,Paid
B338,338,2024-06-19,17231648.986806806,Partial
B349,349,2024-02-25,12315563.391118262,Paid
B354,354,2024-08-14,16620993.454129176,Paid
B359,359,2024-05-05,16451025.408480387,Pending
B360,360,2024-04-30,8962268.562585609,Pending
B362,362,2024-03-24,13520268.048111387,Pending
B366,366,2024-07-24,15364169.540985689,Pending
B372,372,2024-03-26,17603913.6842491,Partial
B387,387,2024-12-14,16596673.163228175,Partial
B393,393,2024-12-09,15933916.023911277,Partial
B403,403,2024-07-07,17391909.641078398,Partial
B415,415,2024-08-21,12628269.588604305,Paid
B417,417,2024-05-27,11195478.318462033,Partial
B426,426,2024-03-03,6348919.605885812,Paid
B429,429,2024-08-22,3302105.101625118,Partial
B446,446,2024-05-19,14607849.37028182,Paid
B452,452,2024-10-26,15293762.843862519,Paid
B454,454,2024-01-28,3679335.662950256,Pending
B460,460,2024-10-05,11764262.748667777,Partial
B471,471,2024-06-26,15179517.859962368,Paid
B475,475,2024-01-30,12802295.664882021,Partial
B480,480,2024-10-24,6542627.651598838,Pending
B481,481,2024-06-23,19600410.32528239,Paid
B482,482,2024-10-02,9298099.14023889,Paid
B483,483,2024-07-29,10063933.773727493,Paid
B493,493,2024-02-06,9959608.36667881,Pending
B495,495,2024-02-27,8462987.36629786,Partial
B497,497,2024-06-03,8012684.026298394,Pending
B499,499,2024-02-17,5611926.436211753,Paid
B506,506,2024-10-10,6044766.304732001,Paid
B508,508,2024-09-05,12231875.476213422,Pending
B514,514,2024-11-10,20409021.161852587,Partial
B523,523,2024-08-08,3370991.50986549,Pending
B531,531,2024-04-08,6785001.224313404,Pending
B533,533,2024-11-13,11984768.230504304,Paid
B534,534,2024-12-24,13065094.070403105,Pending
B535,535,2024-01-19,10214730.838364987,Paid
B538,538,2024-01-13,21844049.377538163,Paid
B544,544,2024-10-21,14902568.15437016,Partial
B551,551,2024-01-28,14286779.30036624,Paid
B566,566,2024-02-03,22874780.696962643,Partial
B573,573,2024-07-26,3628772.7100519235,Pending
B575,575,2024-08-03,16430671.232989877,Paid
B597,597,2024-12-10,14320844.079242392,Paid
B600,600,2024-05-22,14645859.412089631,Pending
B609,609,2024-09-14,11826671.927063748,Paid
B611,611,2024-03-14,15923017.853286952,Pending
B618,618,2024-04-19,10050128.01509025,Pending
B619,619,2024-08-04,19555574.12110743,Partial
B624,624,2024-04-13,6311399.643685486,Partial
B630,630,2024-10-25,6374981.585358204,Pending
B643,643,2024-07-27,11901357.926979858,Pending
B654,654,2024-05-02,22811233.143028792,Paid
B658,658,2025-02-18,6938047.705058945,Paid
B670,670,2024-04-20,14590943.096817458,Paid
B678,678,2024-03-14,21259370.330248743,Partial
B694,694,2024-07-13,18099993.95189895,Partial
B695,695,2024-03-14,4576133.021955851,Paid
B696,696,2024-10-14,11413843.226592066,Pending
B712,712,2024-07-26,18332485.456385437,Pending
B713,713,2024-05-01,6551490.474073835,Pending
B715,715,2024-11-07,13649234.315381618,Pending
B716,716,2024-11-28,14161669.175871653,Paid
B725,725,2024-11-22,12912224.257728456,Partial
B737,737,2024-12-25,8397141.211266115,Paid
B740,740,2024-09-22,6417095.8673733035,Partial
B748,748,2024-09-21,4409259.458991572,Paid
B755,755,2024-04-20,20661842.219576094,Paid
B756,756,2024-12-20,6542585.19252311,Pending
B761,761,2024-07-05,9406987.158102823,Pending
B764,764,2024-10-30,22563917.498909526,Partial
B782,782,2024-06-12,10108997.148890663,Partial
B788,788,2024-11-09,6631226.752849806,Paid
B791,791,2025-02-13,5499736.864968992,Paid
B793,793,2024-02-28,11215597.013913227,Partial
B796,796,2024-11-22,19624493.966552634,Paid
B809,809,2024-09-17,17099076.258398317,Pending
B820,820,2024-05-26,7456653.661560073,Partial
B824,824,2024-05-17,19710930.36390785,Partial
B830,830,2024-11-07,19352892.657262616,Paid
B832,832,2024-12-05,19387241.21505398,Partial
B845,845,2024-10-24,17950278.54196359,Paid
B846,846,2024-04-23,10439787.9510022,Partial
B853,853,2024-11-24,12060993.865910258,Paid
B854,854,2024-12-01,7660935.391698937,Pending
B865,865,2024-02-01,17612664.995261557,Paid
B870,870,2024-10-15,21858588.424817774,Partial
B873,873,2025-01-05,10345718.871647097,Paid
B878,878,2024-06-21,12995440.481966764,Partial
B880,880,2024-10-22,16733423.561864175,Pending
B883,883,2024-07-28,6293543.413180158,Partial
B886,886,2024-03-14,5558846.219874788,Pending
B891,891,2024-02-17,5141607.821337682,Paid
B896,896,2025-01-12,14624006.067277122,Partial
B902,902,2024-07-09,20450289.500457365,Paid
B903,903,2024-12-20,14594609.959297596,Pending
B908,908,2024-07-02,21741757.359150913,Paid
B912,912,2024-07-28,13574649.86432646,Pending
B914,914,2024-08-08,4518492.753753965,Pending
B930,930,2024-04-11,17568650.371114872,Partial
B931,931,2024-03-02,10429644.905713009,Pending
B941,941,2024-08-04,11431259.151702285,Partial
B944,944,2024-11-22,18513635.932096556,Pending
B950,950,2025-02-14,18736203.450730864,Paid
B951,951,2024-08-23,17041973.695675034,Partial
B963,963,2024-03-12,12814855.760006094,Partial
B964,964,2024-06-05,19954724.436113432,Pending
B966,966,2024-05-05,17353952.778151236,Paid
B984,984,2024-02-28,13718808.743610179,Partial
B1004,1004,2024-08-21,5860073.297511507,Paid
B1015,1015,2024-09-08,22086455.847234014,Partial
B1017,1017,2025-02-05,16763887.113819191,Partial
B1021,1021,2024-07-16,17876002.018793028,Partial
B1023,1023,2024-09-27,17494274.428979848,Paid
B1025,1025,2024-11-09,20529040.4924082,Paid
B1033,1033,2024-08-20,6765323.497557017,Pending
B1034,1034,2024-08-15,16633215.572040714,Paid
B1037,1037,2024-10-16,12633086.702899525,Pending
B1038,1038,2024-07-21,10997938.480004188,Partial
B1054,1054,2024-02-03,6061118.589525873,Paid
B1055,1055,2024-12-13,12243728.090327345,Paid
B1056,1056,2024-02-20,17237459.079928957,Partial
B1064,1064,2024-10-07,15547650.963836446,Paid
B1069,1069,2024-03-06,5631557.240093151,Partial
B1070,1070,2024-11-02,7733465.301576086,Pending
B1076,1076,2024-05-10,9397734.933490638,Paid
B1082,1082,2024-03-17,16750132.69775872,Partial
B1084,1084,2024-09-29,11863287.336508444,Pending
B1086,1086,2024-07-06,10423028.494840007,Partial
B1090,1090,2024-04-04,18052605.763086874,Paid
B1094,1094,2024-06-30,12950034.375147903,Pending
B1095,1095,2024-03-27,12056715.098968439,Pending
B1097,1097,2024-10-09,17521329.69264556,Paid
B1118,1118,2024-04-20,12125868.164572326,Paid
B1120,1120,2024-02-16,23184136.545186732,Pending
B1123,1123,2024-11-19,12844479.472324718,Pending
B1127,1127,2024-02-20,16026286.276474431,Paid
B1131,1131,2024-10-22,14251568.183873367,Partial
B1135,1135,2024-03-14,12134530.512180908,Pending
B1144,1144,2024-08-15,14332385.012849042,Pending
B1150,1150,2024-06-11,20579555.82875877,Paid
B1153,1153,2024-05-16,3973342.2653739234,Paid
B1156,1156,2024-07-04,9659010.492521677,Pending
B1185,1185,2024-11-21,14649731.928083012,Partial
B1187,1187,2024-11-20,17418100.114124138,Paid
B1194,1194,2024-01-21,8579470.705076575,Pending
B1196,1196,2024-06-23,8823797.464653755,Pending
B1202,1202,2025-01-12,20201639.001595758,Pending
B1207,1207,2025-01-06,9880682.332833733,Pending
B1210,1210,2024-08-26,19812598.199551184,Partial
B1211,1211,2024-02-01,16437997.237333655,Paid
B1214,1214,2024-09-28,11884921.45071558,Partial
B1221,1221,2024-01-24,10301163.783973329,Paid
B1235,1235,2024-06-03,16275960.455702085,Paid
B1237,1237,2024-08-31,16625910.342137713,Paid
B1242,1242,2024-03-13,18108181.317113664,Paid
B1249,1249,2024-12-21,18479347.36634668,Paid
B1258,1258,2024-05-16,17939689.48575199,Pending
B1281,1281,2024-03-31,9683759.32884805,Pending
B1282,1282,2024-02-15,18482642.60557746,Pending
B1286,1286,2025-01-06,8505428.581005685,Paid
B1290,1290,2024-09-16,5829851.111996854,Partial
B1291,1291,2024-02-27,9466177.12748157,Partial
B1301,1301,2024-04-30,15774440.340057842,Paid
B1335,1335,2024-06-14,5324588.620091495,Paid
B1338,1338,2024-09-01,4314912.798493294,Partial
B1343,1343,2024-10-23,17403189.17407508,Pending
B1352,1352,2024-03-14,13499849.324664384,Partial
B1353,1353,2024-12-22,16463774.504396534,Paid
B1359,1359,2024-11-28,18639242.65126969,Partial
B1360,1360,2024-02-20,16118586.187633688,Paid
B1370,1370,2024-03-22,19349286.696992617,Pending
B1372,1372,2024-09-09,12645153.309009004,Paid
B1373,1373,2024-06-15,21269206.8034418,Partial
B1379,1379,2024-03-07,16557760.622147541,Pending
B1382,1382,2024-02-02,10297936.399916627,Paid
B1391,1391,2024-09-12,16241123.552529026,Partial
B1394,1394,2024-12-14,10157086.520475214,Paid
B1398,1398,2024-12-30,7229399.5999060925,Pending
B1399,1399,2024-08-20,16845468.743122194,Paid
B1410,1410,2024-04-13,22583984.71587028,Paid
B1416,1416,2024-03-22,11474851.876370898,Pending
B1418,1418,2024-02-09,16237894.354740381,Partial
B1424,1424,2024-05-06,12774474.01876498,Paid
B1426,1426,2024-07-25,12859111.428882727,Pending
B1433,1433,2024-03-05,11581346.99753633,Partial
B1440,1440,2024-03-19,7768462.529052815,Pending
B1454,1454,2024-10-26,8023125.455645268,Pending
B1458,1458,2024-02-06,13822583.48217906,Pending
B1459,1459,2024-08-22,16079388.140103186,Partial
B1467,1467,2024-02-04,16777609.37600272,Paid
B1475,1475,2024-06-18,14261037.54922149,Paid
B1481,1481,2025-01-05,5496630.636939905,Paid
B1488,1488,2024-09-02,4011754.919464106,Partial
B1490,1490,2024-12-23,21756409.42546327,Pending
B1509,1509,2024-04-03,13997433.977368053,Partial
B1512,1512,2024-06-19,7108341.113903782,Pending
B1521,1521,2024-07-30,14432049.770816844,Partial
B1525,1525,2024-10-09,20840336.204430223,Paid
B1527,1527,2024-11-20,18491426.45000565,Partial
B1530,1530,2024-09-19,4571913.43996939,Pending
B1535,1535,2024-05-09,11938546.402227871,Partial
B1540,1540,2024-07-06,14356932.969680939,Paid
B1556,1556,2024-11-12,4636364.145096074,Pending
B1564,1564,2024-11-11,12175504.941455191,Paid
B1565,1565,2024-08-27,16385374.948201139,Paid
B1569,1569,2024-09-25,12793339.757847577,Partial
B1571,1571,2024-06-06,14829592.154166654,Partial
B1585,1585,2024-07-08,8133718.880333689,Pending
B1587,1587,2024-09-13,20084671.80628381,Pending
B1588,1588,2024-03-05,10108294.733546384,Paid
B1592,1592,2024-08-04,11335355.090423506,Partial
B1594,1594,2024-03-16,4692792.713538536,Pending
B1598,1598,2024-03-25,3804230.1861880305,Partial
B1605,1605,2024-12-08,17563302.38355378,Paid
B1610,1610,2024-02-23,11334986.053953601,Partial
B1612,1612,2024-04-14,5912202.996712709,Paid
B1618,1618,2024-10-17,18592635.44452861,Pending
B1619,1619,2024-06-17,21152543.22445063,Pending
B1621,1621,2024-07-06,20667258.12764092,Paid
B1626,1626,2024-05-21,22453338.270604085,Pending
B1637,1637,2024-08-17,8477585.923948506,Paid
B1642,1642,2024-08-18,20537737.59033218,Partial
B1649,1649,2024-10-23,13961155.47719855,Pending
B1652,1652,2024-02-07,12391450.51289911,Pending
B1656,1656,2024-02-17,11837010.80911667,Paid
B1664,1664,2024-07-10,15420223.284510106,Pending
B1667,1667,2024-08-11,6827297.190884863,Partial
B1669,1669,2024-01-21,15918693.991681233,Paid
B1670,1670,2024-12-04,12404067.904314725,Partial
B1674,1674,2024-12-07,18110311.047256358,Pending
B1682,1682,2024-04-26,11401121.593368333,Paid
B1690,1690,2024-05-15,18677815.923661355,Pending
B1697,1697,2024-03-27,13584469.073289063,Partial
B1706,1706,2024-12-27,3743264.959222079,Paid
B1711,1711,2024-12-02,8908450.56233222,Paid
B1721,1721,2024-07-19,5313924.943056594,Pending
B1729,1729,2025-01-21,20213535.872111004,Partial
B1733,1733,2024-04-16,17509329.047140878,Partial
B1734,1734,2024-12-28,16438489.143958388,Pending
B1742,1742,2024-03-28,7887125.521688784,Paid
B1748,1748,2024-12-12,11460848.637278244,Paid
B1749,1749,2024-06-14,10970088.730626455,Pending
B1753,1753,2024-07-23,14407215.862104805,Partial
B1754,1754,2024-05-02,13806034.028025987,Partial
B1757,1757,2024-06-15,9981014.586359752,Paid
B1759,1759,2024-11-02,10846851.418557178,Paid
B1761,1761,2024-08-27,22734724.109245617,Paid
B1766,1766,2024-12-03,12485551.55944594,Partial
B1770,1770,2024-09-25,22670164.40424369,Partial
B1777,1777,2024-05-02,13352154.741494715,Paid
B1781,1781,2024-03-02,6202903.396670332,Partial
B1788,1788,2024-02-22,13871022.423135728,Paid
B1790,1790,2024-05-06,14881925.212007536,Partial
B1830,1830,2024-06-26,10535918.534197422,Paid
B1831,1831,2025-01-13,12668018.300453333,Pending
B1832,1832,2024-10-04,9662630.206923217,Paid
B1845,1845,2024-07-12,12613133.46060227,Partial
B1853,1853,2024-05-10,8508065.00887993,Pending
B1854,1854,2024-03-11,9899017.88900115,Paid
B1860,1860,2024-11-13,13958847.547930079,Paid
B1861,1861,2024-07-17,16793561.422559198,Pending
B1867,1867,2024-07-30,22410911.62775962,Pending
B1869,1869,2024-08-19,18005999.02067761,Partial
B1871,1871,2025-01-23,9374156.62436898,Pending
B1873,1873,2024-08-18,14607482.725243488,Pending
B1894,1894,2024-06-14,3505158.98716806,Paid
B1896,1896,2024-07-02,16097476.342618668,Partial
B1901,1901,2024-10-20,11040145.550086569,Partial
B1912,1912,2024-02-13,19723165.298703212,Partial
B1922,1922,2024-10-01,22339906.49977536,Partial
B1928,1928,2024-07-14,5995253.2050845325,Pending
B1930,1930,2024-05-25,18038347.204599723,Pending
B1942,1942,2024-02-03,18285581.089513596,Partial
B1946,1946,2024-09-24,14034969.113296032,Paid
B1950,1950,2024-02-16,4204408.220853622,Partial
B1951,1951,2024-07-24,15631641.781300643,Partial
B1955,1955,2024-06-24,13126968.376331713,Partial
B1956,1956,2024-05-29,7866241.5454588225,Pending
B1959,1959,2024-09-02,12438809.262817614,Partial
B1964,1964,2024-08-24,11570018.738360591,Partial
B1965,1965,2024-11-28,11538999.589702202,Paid
B1978,1978,2024-04-09,4056585.13336381,Pending
B1988,1988,2024-12-07,9455154.307849083,Paid
B1994,1994,2024-08-18,19703171.08889133,Pending
B1995,1995,2024-08-07,20227448.205771297,Partial
B2001,2001,2024-09-25,20289440.775777288,Pending
B2005,2005,2024-07-04,8750534.385273771,Partial
B2008,2008,2024-06-04,13925067.238252532,Paid
B2011,2011,2024-08-01,14286460.996687047,Pending
B2015,2015,2024-10-28,14867846.133731114,Pending
B2025,2025,2024-08-18,7616120.158916286,Pending
B2026,2026,2024-11-09,7980314.65099489,Partial
B2035,2035,2024-04-09,8798240.476118542,Paid
B2051,2051,2024-05-24,10883828.4318249,Paid
B2053,2053,2024-04-07,14717681.735084733,Partial
B2065,2065,2025-01-03,19710033.35365116,Pending
B2078,2078,2024-10-12,11146350.288880732,Paid
B2080,2080,2024-05-08,17227495.91083518,Paid
B2081,2081,2024-06-20,19388687.125215285,Partial
B2086,2086,2024-10-23,17137928.78125283,Paid
B2092,2092,2024-09-10,15398263.809062777,Partial
B2097,2097,2024-08-29,18446038.289028946,Pending
B2098,2098,2024-07-13,17167915.121305086,Pending
B2114,2114,2025-01-08,20112250.15725145,Pending
B2118,2118,2024-10-11,14800080.008642217,Pending
B2132,2132,2024-07-06,11904099.848774802,Paid
B2133,2133,2024-07-28,9520428.084859084,Partial
B2135,2135,2024-11-01,5759928.460358986,Partial
B2139,2139,2025-01-22,15483774.869679177,Partial
B2161,2161,2024-09-19,8985071.514844183,Pending
B2165,2165,2024-12-14,14593087.52969484,Partial
B2179,2179,2024-06-24,15817302.12230717,Pending
B2183,2183,2024-12-19,3833128.683183259,Paid
B2207,2207,2024-12-13,9669776.81774072,Pending
B2208,2208,2024-05-21,11234742.678546987,Partial
B2209,2209,2024-07-14,18910507.538267374,Pending
B2210,2210,2024-07-27,12218494.497282796,Paid
B2212,2212,2024-11-18,18113633.859807346,Partial
B2215,2215,2024-06-18,14289112.073881146,Paid
B2216,2216,2024-09-08,10294514.052980749,Partial
B2219,2219,2024-05-01,8128088.551798929,Partial
B2222,2222,2024-10-17,8634685.950659962,Pending
B2238,2238,2024-07-01,15215694.844822625,Partial
B2246,2246,2024-04-26,3594596.897287871,Pending
B2261,2261,2024-11-09,11139487.131164234,Paid
B2262,2262,2024-05-08,4003438.201882177,Pending
B2269,2269,2024-05-21,9704463.699335152,Paid
B2275,2275,2024-02-03,17026427.520684864,Paid
B2279,2279,2024-07-30,15447788.647847954,Pending
B2289,2289,2024-03-22,5963101.710046237,Partial
B2297,2297,2024-03-29,10465590.217004512,Pending
B2307,2307,2024-08-12,23563354.933107287,Partial
B2309,2309,2024-04-01,5483217.44063276,Paid
B2312,2312,2024-04-07,12792093.992210336,Partial
B2317,2317,2024-10-22,19050932.64510054,Paid
B2320,2320,2024-05-28,18543173.65362285,Partial
B2325,2325,2024-10-01,18571325.51713078,Paid
B2332,2332,2024-11-13,5554975.427098825,Paid
B2337,2337,2024-09-18,10541141.25340673,Paid
B2338,2338,2024-06-04,8232148.598211205,Paid
B2341,2341,2024-09-23,4738288.836094863,Paid
B2357,2357,2025-01-09,4445091.333263713,Paid
B2360,2360,2024-08-27,10932154.924096059,Paid
B2361,2361,2024-10-11,8495338.69580268,Paid
B2364,2364,2024-10-28,16128211.01820074,Pending
B2367,2367,2025-02-03,12241020.438126905,Pending
B2369,2369,2024-11-13,17194870.379835974,Partial
B2373,2373,2024-05-31,20383871.02079648,Pending
B2382,2382,2024-09-24,14297048.863581678,Paid
B2383,2383,2024-03-05,15147389.271714585,Pending
B2387,2387,2024-04-16,12343616.691071887,Paid
B2401,2401,2024-12-02,15676702.50769337,Partial
B2406,2406,2024-03-19,9375189.811682424,Partial
B2410,2410,2024-03-10,9597445.631434795,Pending
B2411,2411,2024-04-17,12581451.514994796,Pending
B2417,2417,2024-04-30,4679615.881168448,Pending
B2418,2418,2024-08-27,9083194.693074923,Paid
B2422,2422,2025-02-10,16190796.11684671,Paid
B2428,2428,2024-11-25,12098894.644188657,Pending
B2436,2436,2024-12-12,15185830.402589098,Paid
B2437,2437,2024-11-15,14159207.695824984,Paid
B2442,2442,2024-11-09,16799640.517943338,Paid
B2450,2450,2024-02-23,6242177.737311657,Partial
B2469,2469,2024-10-19,7264221.259923849,Paid
B2489,2489,2024-03-17,11772298.393239973,Partial
B2495,2495,2024-11-07,3411482.3306992278,Pending
B2499,2499,2024-04-15,18590442.42990017,Pending
B2500,2500,2024-12-18,7314191.264820407,Pending
B2506,2506,2024-05-06,11379372.585484315,Paid
B2512,2512,2024-06-04,6618377.432261015,Partial
B2514,2514,2024-10-29,10259589.064950662,Pending
B2515,2515,2024-06-29,13980319.190925285,Partial
B2524,2524,2024-12-28,14061302.030063864,Paid
B2532,2532,2024-11-08,4782751.558183167,Partial
B2536,2536,2024-06-09,15064356.787389457,Partial
B2540,2540,2024-02-27,19762801.090181906,Paid
B2543,2543,2024-04-17,16126359.46334342,Pending
B2545,2545,2024-05-26,13219166.89070169,Paid
B2550,2550,2025-02-23,19778201.09770908,Partial
B2551,2551,2024-12-16,11389451.943181314,Partial
B2557,2557,2024-08-13,15046206.301000908,Paid
B2562,2562,2024-06-24,5100587.534197116,Pending
B2564,2564,2024-11-18,15271679.36392977,Pending
B2576,2576,2024-02-25,14756030.22517301,Pending
B2581,2581,2024-11-06,20419491.082209665,Paid
B2586,2586,2024-06-16,6380141.235517418,Partial
B2594,2594,2024-02-11,10444756.483006908,Paid
B2595,2595,2024-02-24,5379799.414426425,Pending
B2616,2616,2024-11-11,8296844.206488567,Pending
B2617,2617,2024-09-16,13781695.021427756,Partial
B2621,2621,2024-10-16,6050278.008051811,Pending
B2622,2622,2024-04-13,18236204.52434234,Partial
B2624,2624,2024-07-22,15883000.155731011,Paid
B2625,2625,2024-02-20,12349462.607022835,Paid
B2640,2640,2024-06-25,8343387.151982909,Pending
B2653,2653,2024-04-02,10563344.904935546,Paid
B2664,2664,2024-11-10,17341364.86301979,Pending
B2670,2670,2025-01-18,11046336.753999133,Pending
B2673,2673,2024-03-07,16916045.870156378,Partial
B2678,2678,2025-01-05,6313959.498435275,Partial
B2685,2685,2024-08-12,20320769.764616165,Partial
B2690,2690,2024-10-22,3233769.334480317,Pending
B2693,2693,2024-12-08,3062544.970697362,Paid
B2695,2695,2024-12-10,9129382.585426101,Paid
B2701,2701,2024-10-01,13920882.35165536,Pending
B2703,2703,2024-11-21,19797522.15777098,Paid
B2707,2707,2024-08-06,3790874.069029859,Partial
B2713,2713,2025-01-17,19690552.059559807,Paid
B2716,2716,2024-09-20,5915197.876635362,Pending
B2718,2718,2024-04-08,4624592.835937462,Paid
B2723,2723,2024-03-20,12433702.708922347,Pending
B2725,2725,2025-01-02,9447516.902097322,Partial
B2728,2728,2025-02-01,21333561.208132185,Paid
B2737,2737,2024-07-16,17049180.53745229,Pending
B2739,2739,2024-10-13,19053840.857268486,Paid
B2741,2741,2024-04-05,10729587.175428066,Paid
B2748,2748,2024-05-15,12656985.867996337,Partial
B2759,2759,2024-04-24,11062369.451884786,Paid
B2761,2761,2024-05-06,15551034.132242423,Paid
B2768,2768,2025-01-17,7275038.803234121,Paid
B2777,2777,2024-07-13,6346076.24444319,Paid
B2784,2784,2025-01-08,11242744.238913212,Partial
B2789,2789,2024-08-27,18083373.221774846,Paid
B2795,2795,2024-10-04,17807550.034559205,Partial
B2799,2799,2024-10-27,15645149.139840903,Pending
B2801,2801,2024-03-29,9876895.124819808,Pending
B2804,2804,2024-10-16,20121580.146539785,Pending
B2814,2814,2024-03-27,18644508.493627504,Paid
B2817,2817,2024-12-14,10830659.247555094,Pending
B2825,2825,2024-09-13,8114641.313807393,Paid
B2827,2827,2024-03-17,22654762.17939361,Paid
B2828,2828,2024-01-30,15940907.601730714,Partial
B2834,2834,2024-05-05,18217130.745450165,Partial
B2845,2845,2024-03-27,19827442.71238337,Partial
B2872,2872,2024-06-04,23039220.98754515,Paid
B2880,2880,2024-05-27,10751620.039331188,Paid
B2897,2897,2024-06-27,7334205.120102652,Pending
B2901,2901,2024-09-18,19086675.5867916,Paid
B2946,2946,2024-03-01,14848847.272238096,Paid
B2948,2948,2024-08-12,11516763.999654189,Paid
B2951,2951,2024-12-28,10365902.292080319,Paid
B2957,2957,2024-12-07,17676386.77517554,Paid
B2977,2977,2024-02-15,10497131.04158764,Pending
B2979,2979,2025-01-12,5702465.909005235,Pending
B2980,2980,2024-11-18,18155830.974865247,Partial
B2982,2982,2024-08-15,15256898.333763307,Partial
B2989,2989,2024-11-20,7126068.313305125,Pending
B3001,3001,2024-12-20,21820412.043526664,Partial
B3027,3027,2024-07-02,10361713.116633132,Pending
B3046,3046,2024-03-22,13094750.468843281,Partial
B3052,3052,2024-11-29,7585769.716524391,Paid
B3054,3054,2024-08-18,16785781.245064925,Paid
B3056,3056,2024-05-10,10205114.43080959,Paid
B3057,3057,2024-09-09,17130083.111847077,Partial
B3060,3060,2025-02-04,17314141.069708772,Partial
B3065,3065,2024-08-18,12984605.129530482,Pending
B3069,3069,2024-02-15,23708120.22084287,Pending
B3074,3074,2024-09-11,7052059.48907836,Paid
B3081,3081,2024-11-21,8807770.528822234,Pending
B3100,3100,2024-05-29,13255955.357987931,Pending
B3106,3106,2025-01-30,17249824.36618256,Partial
B3109,3109,2024-05-17,11518711.63561903,Pending
B3111,3111,2024-11-05,7455652.199843442,Pending
B3117,3117,2024-12-03,11965836.072284298,Partial
B3118,3118,2024-08-26,14695541.622037143,Paid
B3121,3121,2024-05-02,9057729.104554165,Partial
B3127,3127,2024-10-02,14722781.469532756,Partial
B3128,3128,2024-11-14,15155107.101108495,Paid
B3131,3131,2024-11-14,10094656.38593495,Partial
B3135,3135,2024-11-20,12076588.447647694,Partial
B3137,3137,2024-09-30,11225568.245574396,Partial
B3166,3166,2024-11-03,19737179.34641483,Partial
B3167,3167,2024-08-13,11655605.089124803,Partial
B3178,3178,2024-08-15,14513024.063434348,Partial
B3187,3187,2024-05-24,8006202.520097157,Partial
B3195,3195,2024-02-03,7242575.933897654,Pending
B3202,3202,2024-05-18,21089236.256339047,Partial
B3208,3208,2024-03-30,17945640.56922096,Paid
B3209,3209,2024-11-29,15391799.765820498,Partial
B3214,3214,2024-04-29,14511319.128205016,Paid
B3232,3232,2024-05-01,10253110.236523267,Paid
B3233,3233,2024-06-15,13996477.729737302,Paid
B3236,3236,2024-03-31,9865456.64082317,Pending
B3242,3242,2024-07-01,4332440.481678422,Pending
B3247,3247,2024-09-21,10027273.073739039,Pending
B3251,3251,2025-02-03,19807187.57556682,Paid
B3256,3256,2024-11-01,13898835.782457454,Pending
B3261,3261,2024-05-30,10321435.436788648,Pending
B3263,3263,2024-07-18,7067998.785511579,Pending
B3264,3264,2025-01-20,6057725.833025431,Pending
B3271,3271,2024-10-22,18112457.56592684,Pending
B3274,3274,2024-04-03,15004451.510043602,Pending
B3285,3285,2025-01-02,5203516.779410174,Pending
B3289,3289,2024-04-27,10341055.200931786,Pending
B3294,3294,2024-04-21,16725991.013499971,Partial
B3295,3295,2024-01-31,10623849.581475291,Partial
B3303,3303,2024-12-28,4862786.245672788,Paid
B3306,3306,2025-01-07,4427344.056927845,Partial
B3307,3307,2024-05-12,21566855.779649943,Paid
B3308,3308,2024-07-23,20145185.19778034,Pending
B3314,3314,2024-02-05,4948601.260532657,Paid
B3319,3319,2024-02-25,15357100.225079222,Paid
B3334,3334,2024-04-25,11844579.131778546,Paid
B3336,3336,2024-10-28,10237167.03720238,Partial
B3339,3339,2024-04-16,5015877.819752392,Partial
B3345,3345,2024-05-31,18292930.13960125,Partial
B3352,3352,2025-01-16,11598656.963916514,Partial
B3353,3353,2024-11-13,6001353.219527057,Paid
B3354,3354,2024-05-25,16429744.600207014,Partial
B3366,3366,2024-02-10,12951393.615053292,Pending
B3369,3369,2024-03-07,14273200.921617279,Pending
B3374,3374,2024-07-01,6685420.022845532,Paid
B3378,3378,2024-05-02,13587250.01103367,Paid
B3384,3384,2024-07-30,9174199.23535148,Partial
B3390,3390,2024-03-04,15499661.917768676,Paid
B3391,3391,2024-05-09,8153700.996986856,Pending
B3408,3408,2024-02-03,12929085.931693463,Pending
B3411,3411,2025-01-06,16342367.252387384,Paid
B3412,3412,2024-07-11,15232403.116167001,Partial
B3417,3417,2024-02-12,4145737.755438059,Paid
B3419,3419,2024-09-10,18811790.187952302,Partial
B3420,3420,2024-11-28,17752635.067628425,Pending
B3430,3430,2024-04-13,13593658.573210374,Partial
B3447,3447,2024-06-02,3433967.575581321,Pending
B3471,3471,2024-12-07,16663779.003519993,Pending
B3475,3475,2024-01-13,11220739.69536526,Partial
B3477,3477,2024-11-23,11977255.718072493,Paid
B3481,3481,2025-01-14,12065372.167419415,Pending
B3483,3483,2024-03-03,14721884.84924974,Pending
B3495,3495,2024-02-14,13272191.04922384,Pending
B3499,3499,2025-01-04,10301426.569811977,Partial
B3503,3503,2024-08-04,15901422.932836052,Pending
B3519,3519,2024-07-17,11902267.925698148,Partial
B3522,3522,2024-08-20,14991568.22708493,Paid
B3525,3525,2024-08-02,9045421.124380706,Paid
B3545,3545,2024-10-28,10556970.48718779,Paid
B3548,3548,2024-04-23,17942000.08177305,Partial
B3549,3549,2024-11-13,9511096.229195738,Paid
B3553,3553,2024-04-05,18433792.359189853,Partial
B3556,3556,2025-02-17,20685564.39870679,Partial
B3562,3562,2024-03-24,18662375.820770904,Paid
B3563,3563,2024-08-29,17477066.288582,Partial
B3581,3581,2024-04-27,6219956.774221537,Pending
B3589,3589,2024-04-24,3691561.7709502527,Pending
B3593,3593,2024-08-19,16748343.319714997,Pending
B3597,3597,2024-12-19,12847178.411019407,Paid
B3616,3616,2024-12-28,18825967.484389696,Pending
B3633,3633,2024-05-24,7817101.083147926,Paid
B3637,3637,2024-09-27,14377510.526979413,Partial
B3645,3645,2025-01-18,7684562.299337922,Pending
B3655,3655,2025-02-25,17892850.321787894,Partial
B3668,3668,2024-05-08,7791865.102748068,Pending
B3675,3675,2025-01-31,12482449.903805127,Paid
B3684,3684,2024-10-22,3864569.2463539485,Pending
B3687,3687,2024-03-15,19231300.127248216,Partial
B3701,3701,2025-01-28,11550178.554668967,Partial
B3711,3711,2024-06-10,8295915.856807254,Pending
B3712,3712,2024-05-13,10630016.859361567,Pending
B3713,3713,2024-04-18,7754069.681440432,Partial
B3717,3717,2024-10-21,12067896.538326541,Paid
B3730,3730,2024-11-25,13011228.852913573,Paid
B3732,3732,2024-07-12,8307149.429935321,Pending
B3739,3739,2025-02-08,12196623.73116682,Paid
B3740,3740,2024-05-29,11553700.658674682,Pending
B3741,3741,2024-04-27,5233716.645784842,Paid
B3742,3742,2024-09-23,12224155.366489965,Pending
B3743,3743,2024-09-13,20415662.37461747,Partial
B3756,3756,2025-01-09,13630031.495355817,Pending
B3760,3760,2024-02-03,15147965.882755632,Partial
B3778,3778,2024-02-08,5746945.90203139,Paid
B3790,3790,2024-06-28,15856807.184766816,Paid
B3811,3811,2024-04-21,13368524.196234519,Partial
B3812,3812,2025-01-05,6687938.278545044,Pending
B3814,3814,2024-04-16,9446841.021517364,Partial
B3822,3822,2024-11-11,13700924.609366348,Partial
B3823,3823,2024-12-30,11273639.677201053,Paid
B3830,3830,2024-07-04,20865521.376889307,Partial
B3831,3831,2024-10-26,20683511.19995797,Partial
B3833,3833,2025-01-09,20049704.129830386,Partial
B3849,3849,2024-11-08,16273797.65959755,Paid
B3851,3851,2024-12-05,7564284.970520984,Paid
B3852,3852,2024-03-29,4075739.7030487712,Partial
B3861,3861,2024-02-24,15478697.226930894,Pending
B3865,3865,2024-02-28,3778616.8027565414,Pending
B3868,3868,2024-09-19,4495945.02559159,Paid
B3879,3879,2024-11-09,7348757.8798477,Pending
B3880,3880,2024-06-08,4156688.2710471423,Paid
B3887,3887,2024-08-17,7947133.957666768,Partial
B3892,3892,2024-03-26,11015831.131673828,Pending
B3893,3893,2024-06-24,10353656.54915522,Pending
B3901,3901,2024-05-27,3513866.571989001,Pending
B3906,3906,2024-09-12,19120128.738265105,Partial
B3908,3908,2024-10-16,20594277.83615284,Partial
B3909,3909,2024-07-21,16854679.47730921,Pending
B3912,3912,2024-04-07,7215146.723165013,Pending
B3913,3913,2024-12-28,7991589.559207206,Paid
B3919,3919,2024-07-18,15235081.649491727,Partial
B3924,3924,2024-08-27,5260632.577437801,Partial
B3925,3925,2024-08-31,14264448.915977092,Paid
B3929,3929,2024-03-17,18790380.86405503,Pending
B3931,3931,2024-08-03,20798665.037422664,Partial
B3936,3936,2024-06-12,19952354.300715894,Partial
B3943,3943,2024-10-11,15334245.611956889,Paid
B3948,3948,2025-01-28,11678987.181212513,Pending
B3951,3951,2024-03-22,10603969.179171065,Partial
B3957,3957,2024-11-14,12835068.602815464,Paid
B3961,3961,2024-04-02,11385276.076876255,Partial
B3971,3971,2024-11-15,14973208.490166802,Pending
B3975,3975,2025-01-20,13699107.374283902,Partial
B3979,3979,2024-02-02,6547457.585011668,Partial
B3987,3987,2024-07-31,17386506.068013493,Pending
B3990,3990,2024-04-06,17949180.6063855,Partial
B3991,3991,2024-12-17,9843206.660859272,Partial
B3998,3998,2024-10-22,18359898.260101873,Partial
B4000,4000,2024-10-18,18736813.17685502,Paid
B4008,4008,2024-04-12,9237858.572863845,Pending
B4009,4009,2024-07-19,12878850.597121192,Paid
B4011,4011,2024-11-23,16484683.944201183,Partial
B4012,4012,2024-07-01,10012072.670586608,Paid
B4019,4019,2025-01-14,12930171.680775054,Partial
B4052,4052,2024-07-01,17211572.63778293,Partial
B4058,4058,2024-10-20,6529486.511876587,Pending
B4071,4071,2024-06-18,7076873.791810015,Pending
B4078,4078,2024-12-26,2787919.4312474034,Paid
B4084,4084,2024-10-12,18214576.45095935,Pending
B4103,4103,2024-11-10,12896277.606132068,Pending
B4120,4120,2024-07-20,19757698.14465245,Pending
B4122,4122,2024-06-16,17702908.29855961,Pending
B4123,4123,2024-06-01,4224607.213072214,Pending
B4132,4132,2024-05-27,3302795.3229061877,Paid
B4135,4135,2024-06-06,16649420.59456911,Pending
B4136,4136,2025-01-26,19149822.592416864,Pending
B4137,4137,2024-10-11,10944358.11077862,Paid
B4139,4139,2024-03-13,22603308.70443172,Pending
B4140,4140,2024-06-04,13788891.28077491,Partial
B4153,4153,2025-01-08,8732239.904540993,Pending
B4164,4164,2024-03-05,10554462.277196996,Partial
B4165,4165,2024-12-15,3203164.8579374957,Pending
B4173,4173,2024-03-12,14562523.954508543,Partial
B4180,4180,2024-06-28,10208153.395875076,Partial
B4190,4190,2024-02-01,19419747.852725632,Paid
B4196,4196,2024-03-31,8266528.9819943905,Pending
B4198,4198,2025-01-13,7679372.060225017,Paid
B4199,4199,2024-08-11,17721435.983056795,Paid
B4200,4200,2024-07-31,13786432.342848696,Pending
B4210,4210,2024-12-29,9610734.998641184,Paid
B4214,4214,2024-05-19,16190665.174466088,Partial
B4220,4220,2024-06-27,11858656.276539017,Pending
B4222,4222,2024-09-23,11705262.761683878,Partial
B4228,4228,2024-12-04,5095145.482789033,Paid
B4231,4231,2024-02-10,13502336.125447277,Pending
B4236,4236,2024-03-31,18637839.182945885,Partial
B4243,4243,2025-01-11,19405010.537885442,Paid
B4249,4249,2024-12-21,4151749.9636670593,Paid
B4250,4250,2024-08-09,4198978.138116527,Paid
B4255,4255,2024-04-20,7466971.937411659,Partial
B4258,4258,2025-01-31,4375542.6529311035,Paid
B4269,4269,2024-02-24,9619524.421825727,Partial
B4270,4270,2024-02-25,17353060.535942536,Partial
B4293,4293,2024-12-31,15132011.507666605,Paid
B4295,4295,2024-08-24,16499708.856025407,Partial
B4296,4296,2024-11-23,15136134.738869535,Partial
B4301,4301,2024-06-12,18279182.26481717,Paid
B4318,4318,2024-10-25,18495638.497897964,Pending
B4350,4350,2024-01-20,19998217.969027616,Pending
B4368,4368,2024-12-14,5342705.705698908,Partial
B4369,4369,2024-10-04,16404162.746082446,Partial
B4373,4373,2024-09-07,12522112.994613696,Pending
B4376,4376,2024-09-20,8384224.958111597,Partial
B4378,4378,2024-03-19,15094121.885998446,Pending
B4389,4389,2024-04-19,9896106.851949034,Paid
B4390,4390,2024-09-21,8262744.620357256,Partial
B4403,4403,2024-04-24,3503381.4839885593,Partial
B4404,4404,2024-08-22,5843432.364987791,Partial
B4411,4411,2024-02-02,13052209.562926486,Pending
B4416,4416,2024-09-04,13866683.889700085,Partial
B4426,4426,2024-10-08,3957697.019975882,Partial
B4428,4428,2025-01-13,6120029.8042982165,Paid
B4432,4432,2024-09-30,13454000.120881496,Partial
B4435,4435,2024-04-19,22166921.98878819,Paid
B4440,4440,2024-06-02,10008653.703405939,Partial
B4451,4451,2024-10-14,21159667.113853496,Paid
B4454,4454,2025-01-09,10304551.872393284,Paid
B4455,4455,2024-12-03,6185624.546868194,Paid
B4469,4469,2024-11-03,12488252.55628906,Paid
B4476,4476,2024-11-09,15583718.602503909,Paid
B4484,4484,2025-01-03,9404047.18103044,Partial
B4495,4495,2024-04-09,4227626.66997978,Partial
B4501,4501,2024-02-25,10851541.672113877,Paid
B4515,4515,2024-05-19,14533777.224749114,Pending
B4519,4519,2024-09-15,19864920.904405285,Paid
B4528,4528,2024-04-01,13633035.017164132,Pending
B4551,4551,2024-06-08,11984392.56417648,Pending
B4560,4560,2024-10-10,5330959.307350263,Paid
B4564,4564,2025-01-06,14107389.964886008,Paid
B4570,4570,2024-02-07,7226456.667899502,Pending
B4574,4574,2024-11-24,23012390.376965605,Pending
B4575,4575,2024-04-06,20687721.219007768,Pending
B4582,4582,2024-05-20,15330058.395813035,Pending
B4590,4590,2024-05-13,20925519.340214018,Partial
B4597,4597,2024-09-26,19225931.121588238,Paid
B4598,4598,2025-01-07,6092071.985839101,Partial
B4600,4600,2024-11-29,17866533.47836744,Pending
B4601,4601,2024-03-23,16995755.97822339,Paid
B4602,4602,2024-07-07,10155622.02430614,Paid
B4604,4604,2024-03-19,15782256.12508107,Pending
B4605,4605,2024-03-01,11495857.640826132,Paid
B4611,4611,2024-11-12,3344945.2642380707,Paid
B4622,4622,2024-11-07,7747646.252783213,Paid
B4635,4635,2024-11-25,8679937.29340273,Paid
B4659,4659,2024-09-03,4318462.27711256,Paid
B4667,4667,2024-11-10,9910051.015781501,Paid
B4670,4670,2024-06-30,13449404.941335984,Paid
B4672,4672,2024-07-16,8126799.310161335,Paid
B4678,4678,2024-10-22,19152709.53862623,Partial
B4679,4679,2024-03-07,5439620.223392869,Pending
B4693,4693,2024-08-03,11911219.672137447,Partial
B4699,4699,2024-10-26,18684955.437195867,Pending
B4702,4702,2024-05-21,2980117.62322735,Paid
B4730,4730,2024-06-26,17899741.08567577,Paid
B4731,4731,2024-10-27,19735843.32744027,Paid
B4736,4736,2024-05-06,13310834.192623092,Partial
B4745,4745,2024-12-31,19477261.869053714,Paid
B4749,4749,2024-11-27,5962567.661076726,Paid
B4754,4754,2024-12-28,16095002.69777479,Paid
B4760,4760,2024-08-01,15472866.712666415,Pending
B4763,4763,2024-11-13,12569913.142654054,Partial
B4765,4765,2024-09-18,11442827.728060696,Partial
B4766,4766,2024-10-13,8462669.511079205,Pending
B4770,4770,2024-11-04,12571146.780668579,Pending
B4771,4771,2024-05-15,19682324.363402944,Paid
B4776,4776,2024-09-06,9260001.127905155,Partial
B4788,4788,2024-08-05,14984396.077296466,Partial
B4805,4805,2024-03-20,18094138.977924295,Paid
B4807,4807,2024-03-08,11259008.708702024,Pending
B4814,4814,2024-08-05,19785783.20216951,Paid
B4816,4816,2024-07-04,10740693.695183448,Paid
B4819,4819,2024-07-04,7139711.120055772,Partial
B4821,4821,2024-12-05,5043480.895981933,Pending
B4823,4823,2025-01-01,18013646.50142908,Paid
B4828,4828,2024-05-15,18447302.199810516,Pending
B4830,4830,2025-01-18,9816843.719099056,Paid
B4834,4834,2024-11-07,12741472.871534621,Paid
B4837,4837,2024-03-25,11522380.06930265,Paid
B4845,4845,2024-04-09,11813366.360962607,Paid
B4861,4861,2024-03-05,5565462.221966941,Paid
B4862,4862,2025-01-28,9831517.368542794,Partial
B4897,4897,2024-08-24,13617590.0603201,Partial
B4903,4903,2024-05-17,7702088.14814355,Partial
B4928,4928,2025-01-18,14192791.014875157,Paid
B4938,4938,2024-10-05,14461643.86200176,Pending
B4940,4940,2025-02-26,14533533.64662884,Pending
B4954,4954,2025-02-07,14553469.736255676,Partial
B4967,4967,2024-10-01,7627011.403675968,Partial
B4970,4970,2024-12-10,10318535.71388423,Pending
B4972,4972,2024-04-28,3536067.065122627,Partial
B4975,4975,2024-03-04,15802267.7486021,Paid
B4979,4979,2024-07-20,11220181.904418243,Paid
B4998,4998,2024-04-09,18611272.201867137,Pending
B5000,5000,2025-01-16,7996301.066021549,Pending
B5001,5001,2024-03-18,20817020.71416045,Paid
B5016,5016,2024-09-09,14907521.494533645,Paid
B5035,5035,2024-04-29,5460219.373805806,Partial
B5040,5040,2024-09-16,4728423.144210255,Partial
B5041,5041,2024-07-15,12615597.657230545,Pending
B5046,5046,2024-06-15,13856680.709937338,Paid
B5057,5057,2024-07-18,8312499.651328351,Pending
B5059,5059,2024-12-25,14432415.860244852,Pending
B5062,5062,2024-03-06,12086779.448565569,Paid
B5071,5071,2024-11-20,15872887.426083218,Partial
B5078,5078,2024-05-12,18649072.251764104,Pending
B5087,5087,2024-07-02,8527961.061881814,Pending
B5089,5089,2024-10-21,7727108.78442981,Pending
B5091,5091,2024-08-03,14586273.859188871,Pending
B5097,5097,2024-05-11,20774740.106508713,Partial
B5125,5125,2024-07-30,8076734.316398716,Partial
B5139,5139,2024-09-12,15207110.4010456,Partial
B5148,5148,2025-02-18,6111191.844014804,Pending
B5152,5152,2024-07-06,3073310.8535038447,Pending
B5162,5162,2024-09-12,3614456.5331389825,Pending
B5173,5173,2024-08-27,10865110.897946592,Partial
B5174,5174,2024-05-16,20415675.343337055,Partial
B5183,5183,2024-05-29,18433292.67542546,Pending
B5184,5184,2024-04-04,3624150.5071256775,Paid
B5200,5200,2024-02-21,8929002.72304605,Paid
B5203,5203,2024-11-29,17193945.262109824,Partial
B5209,5209,2024-04-21,11495823.167604923,Partial
B5210,5210,2025-01-14,5509768.773934758,Partial
B5214,5214,2024-04-26,12953163.426715426,Pending
B5215,5215,2024-10-25,8702107.966352401,Partial
B5225,5225,2024-10-30,17402580.43284823,Partial
B5227,5227,2024-10-01,4093717.4728564085,Paid
B5228,5228,2024-10-11,21120223.828726117,Pending
B5233,5233,2024-03-29,12058218.953195142,Partial
B5235,5235,2024-12-21,22435837.130859006,Partial
B5240,5240,2024-12-19,3867278.827542796,Paid
B5243,5243,2024-02-29,2892036.1715001916,Partial
B5244,5244,2024-12-17,4994698.330844403,Paid
B5251,5251,2024-05-14,11551821.77210817,Partial
B5256,5256,2024-03-09,14609981.699301375,Paid
B5274,5274,2024-10-11,7578968.499445388,Partial
B5275,5275,2024-08-02,9095582.562887453,Pending
B5276,5276,2024-08-04,15082369.814876815,Pending
B5279,5279,2024-04-22,20493478.348338448,Paid
B5283,5283,2024-04-21,16632852.35646466,Paid
B5284,5284,2024-08-15,12820189.89596307,Paid
B5290,5290,2024-04-10,10285708.380128028,Pending
B5300,5300,2024-08-17,19786710.149809726,Partial
B5303,5303,2024-08-10,11735599.404178908,Paid
B5306,5306,2024-09-05,21096814.49548435,Paid
B5311,5311,2024-12-05,9645233.617905755,Partial
B5314,5314,2024-11-26,8295825.612279289,Pending
B5320,5320,2024-08-09,8020562.340363339,Paid
B5324,5324,2024-07-12,18033418.021166988,Paid
B5335,5335,2024-10-26,4521729.55515568,Partial
B5336,5336,2024-05-21,12671017.20391346,Paid
B5368,5368,2024-09-17,3506220.153761228,Partial
B5375,5375,2025-01-10,18336993.428795528,Paid
B5380,5380,2024-10-02,13503445.61104452,Paid
B5393,5393,2024-05-23,12370111.082095824,Partial
B5396,5396,2024-06-27,17613081.398796618,Paid
B5397,5397,2024-04-21,7245482.8750054715,Paid
B5400,5400,2024-12-07,7039771.992208787,Pending
B5403,5403,2025-01-08,18440376.20353222,Partial
B5413,5413,2024-07-15,7789292.021297421,Partial
B5424,5424,2025-01-13,15966960.71793321,Paid
B5426,5426,2024-07-01,19936292.574267436,Pending
B5429,5429,2024-09-15,15766100.063148314,Pending
B5435,5435,2024-02-24,12116086.535645992,Paid
B5443,5443,2024-05-14,5546701.244768524,Pending
B5450,5450,2024-12-07,15337297.487167545,Partial
B5453,5453,2024-10-01,19964254.735742062,Paid
B5466,5466,2024-04-16,11903219.634873709,Paid
B5467,5467,2024-06-11,7577105.73363804,Pending
B5468,5468,2024-10-18,14916975.146886835,Partial
B5469,5469,2024-08-24,8650882.539974233,Pending
B5471,5471,2024-07-17,15040633.788608814,Pending
B5482,5482,2024-02-27,15569527.138888128,Paid
B5483,5483,2024-09-27,18567968.505534366,Pending
B5494,5494,2024-10-19,14709573.370781485,Pending
B5513,5513,2024-11-11,3465895.9578492204,Partial
B5515,5515,2025-01-03,10305457.5596863,Pending
B5518,5518,2024-07-14,19978266.453595903,Partial
B5538,5538,2024-12-08,19677773.1104875,Pending
B5544,5544,2024-01-22,12910828.365245923,Paid
B5546,5546,2024-04-01,18339360.217437193,Pending
B5551,5551,2025-01-31,21184662.9970608,Partial
B5557,5557,2024-12-16,7272805.370794609,Paid
B5564,5564,2024-09-30,18342369.526685014,Paid
B5570,5570,2024-03-07,18832608.462277707,Partial
B5573,5573,2024-05-26,10162012.041147213,Pending
B5576,5576,2024-09-15,3372179.1335839718,Partial
B5596,5596,2024-03-18,13174469.77393584,Partial
B5598,5598,2024-04-07,17413302.48035506,Partial
B5601,5601,2024-06-08,15532867.477064926,Paid
B5611,5611,2024-02-08,5375163.971634291,Pending
B5613,5613,2024-06-16,4052396.725774672,Pending
B5614,5614,2024-10-09,12707788.528726822,Pending
B5646,5646,2024-10-19,13731972.57097819,Paid
B5649,5649,2024-11-22,17863689.162365865,Pending
B5650,5650,2024-08-07,14694890.2639941,Paid
B5653,5653,2024-08-20,9756193.813912049,Pending
B5655,5655,2025-02-01,3439734.261050829,Partial
B5659,5659,2025-01-24,17183646.63343969,Pending
B5670,5670,2024-02-15,10629008.184338164,Partial
B5691,5691,2024-07-27,12263362.218616096,Pending
B5702,5702,2024-05-30,16898085.230560984,Partial
B5706,5706,2024-07-10,12903899.412735118,Pending
B5723,5723,2024-12-18,15131342.472232575,Pending
B5737,5737,2024-03-18,15889125.237675961,Paid
B5739,5739,2024-05-01,20882150.32428766,Pending
B5745,5745,2024-06-13,17817169.176328167,Partial
B5747,5747,2024-03-19,17177554.35430203,Partial
B5753,5753,2024-04-23,7284655.822935,Partial
B5761,5761,2024-12-09,20084934.07406449,Partial
B5773,5773,2024-08-16,11255694.032723518,Pending
B5790,5790,2024-12-26,15865581.403585449,Partial
B5793,5793,2024-05-09,12866755.502121396,Paid
B5798,5798,2024-04-02,10305400.883560935,Paid
B5805,5805,2024-05-20,18248005.686454255,Pending
B5808,5808,2024-03-02,21104006.110036552,Partial
B5813,5813,2024-06-01,8679378.601775397,Partial
B5830,5830,2024-10-17,6949111.799001495,Pending
B5831,5831,2024-03-08,3914470.781886738,Pending
B5841,5841,2024-12-10,14006485.871082412,Partial
B5842,5842,2024-02-28,17025483.690460492,Partial
B5848,5848,2024-12-08,17583010.11418875,Pending
B5856,5856,2024-08-08,9776633.962237084,Pending
B5865,5865,2024-07-07,17575472.669735875,Pending
B5873,5873,2024-06-15,17829214.02732835,Paid
B5875,5875,2024-10-13,14617475.845960323,Partial
B5885,5885,2024-02-25,3305699.777905209,Pending
B5888,5888,2024-12-27,11927140.064627737,Partial
B5889,5889,2024-09-13,16457531.035755834,Paid
B5893,5893,2024-05-27,16849381.5742684,Paid
B5894,5894,2024-09-12,7382388.1295678085,Pending
B5900,5900,2024-06-22,21459463.143062145,Partial
B5911,5911,2024-06-02,6619976.080394292,Pending
B5927,5927,2024-03-01,14059163.786885763,Partial
B5929,5929,2024-06-24,3855748.945479453,Partial
B5935,5935,2024-01-26,4929231.709822146,Partial
B5941,5941,2024-06-29,15723522.586503888,Paid
B5951,5951,2024-04-07,6888051.49057882,Partial
B5954,5954,2024-12-27,13626860.0860231,Paid
B5960,5960,2024-10-28,5928811.651580676,Pending
B5962,5962,2024-08-30,19144882.656577814,Paid
B5963,5963,2024-06-25,19428702.73135324,Pending
B5969,5969,2025-01-27,4819526.185716505,Partial
B5975,5975,2024-12-05,13276023.53102922,Paid
B5982,5982,2024-06-08,14309906.357309712,Partial
B5985,5985,2024-07-15,17070033.373042934,Pending
B5996,5996,2024-03-23,12923029.709741466,Partial
B6000,6000,2025-02-12,16128709.995596118,Pending
B6009,6009,2024-09-28,11086685.647922924,Paid
B6011,6011,2024-10-07,11581162.465859627,Pending
B6012,6012,2024-04-11,10910676.678534804,Pending
B6013,6013,2024-10-31,11333511.509175396,Paid
B6023,6023,2024-04-12,10059696.322450278,Partial
B6026,6026,2024-03-16,18689707.227084905,Partial
B6030,6030,2024-08-28,19617349.4759692,Partial
B6047,6047,2024-05-16,15005211.934721757,Pending
B6063,6063,2024-02-15,11670405.056876712,Paid
B6065,6065,2024-09-29,20798638.1326766,Paid
B6066,6066,2024-10-27,15937488.855922202,Paid
B6067,6067,2024-04-10,9875541.575582448,Paid
B6068,6068,2024-07-12,16731929.32087082,Partial
B6075,6075,2024-05-22,7381092.080108245,Partial
B6077,6077,2024-09-09,4271054.325132846,Pending
B6080,6080,2024-04-16,11521677.620797738,Paid
B6082,6082,2024-12-12,17120985.51164558,Partial
B6085,6085,2024-05-15,16478929.225888431,Paid
B6091,6091,2024-06-15,17602828.075776577,Pending
B6094,6094,2024-09-26,16639844.188332658,Pending
B6107,6107,2024-11-26,12378415.494350657,Partial
B6116,6116,2024-04-29,14817171.903369198,Partial
B6134,6134,2024-11-24,14668899.45079757,Paid
B6139,6139,2024-06-01,17589163.806962807,Pending
B6141,6141,2024-11-20,10546462.660575353,Paid
B6144,6144,2024-07-18,11716137.474221362,Partial
B6146,6146,2024-05-18,17249152.579427,Pending
B6150,6150,2024-09-05,16023577.837094065,Paid
B6151,6151,2024-11-17,13412729.12065077,Pending
B6174,6174,2024-11-25,9716486.776052903,Paid
B6176,6176,2024-06-10,12698423.998513019,Paid
B6178,6178,2024-11-16,9205614.800609559,Partial
B6183,6183,2024-07-23,3970187.921051939,Pending
B6189,6189,2024-10-17,19668147.246653307,Paid
B6209,6209,2025-01-18,6548909.642434439,Pending
B6217,6217,2024-06-15,21732605.9346556,Paid
B6219,6219,2024-04-22,13742740.28737572,Paid
B6232,6232,2024-07-10,19294873.136560425,Pending
B6259,6259,2024-01-17,19454675.408178303,Paid
B6260,6260,2024-07-11,18760501.343614783,Paid
B6261,6261,2024-02-28,18098462.03593943,Pending
B6269,6269,2024-06-08,19969345.4480741,Partial
B6270,6270,2025-01-19,16640904.47074265,Partial
B6286,6286,2024-12-25,16909317.195871674,Partial
B6290,6290,2025-02-09,15656879.01202963,Partial
B6294,6294,2024-05-13,21353788.130089737,Partial
B6312,6312,2024-10-04,5588138.760054528,Pending
B6319,6319,2024-10-26,12971632.09258347,Paid
B6325,6325,2024-12-08,19696728.180272404,Partial
B6331,6331,2024-02-15,7134438.4430551,Paid
B6336,6336,2024-04-28,21241475.72467007,Partial
B6337,6337,2024-05-30,16611471.561512463,Partial
B6342,6342,2024-08-24,14301932.477062449,Partial
B6344,6344,2024-02-24,14133462.23506691,Pending
B6345,6345,2024-12-18,18070091.670444243,Pending
B6354,6354,2024-12-22,11279549.725477545,Paid
B6361,6361,2024-08-11,15308874.457388487,Paid
B6392,6392,2024-11-03,14015758.581901593,Partial
B6401,6401,2024-07-21,21249625.793003757,Partial
B6407,6407,2024-10-09,14882378.218621485,Partial
B6410,6410,2024-09-04,9144742.456628462,Pending
B6412,6412,2025-01-26,17980352.720877647,Partial
B6418,6418,2024-08-11,22651831.151335735,Pending
B6419,6419,2024-02-16,6390674.47859202,Paid
B6425,6425,2024-08-14,10057049.976980276,Partial
B6442,6442,2024-05-05,4733683.21951944,Paid
B6444,6444,2024-10-21,18229781.901318572,Partial
B6450,6450,2024-04-15,16765006.029136391,Paid
B6458,6458,2024-06-27,10374043.51080652,Paid
B6460,6460,2024-09-11,3728407.2988701505,Partial
B6465,6465,2024-12-25,14461566.740679024,Paid
B6487,6487,2024-01-23,7238113.602685234,Partial
B6491,6491,2024-11-16,15913721.035863202,Partial
B6495,6495,2024-08-23,10216889.259177875,Paid
B6512,6512,2024-09-05,18483327.710487522,Pending
B6514,6514,2024-06-26,10246819.827067647,Pending
B6517,6517,2024-04-25,18095613.82753787,Partial
B6522,6522,2024-04-29,10439392.409541529,Partial
B6527,6527,2024-02-08,15906565.695904538,Pending
B6541,6541,2024-12-12,4951481.670907307,Pending
B6542,6542,2024-06-15,18751268.82984393,Paid
B6548,6548,2024-06-25,17645489.949642356,Partial
B6555,6555,2024-03-03,16317839.967463251,Paid
B6566,6566,2025-02-15,10018450.472120771,Pending
B6569,6569,2024-03-28,7802247.054417921,Pending
B6570,6570,2024-12-04,10795085.046558075,Paid
B6574,6574,2024-09-19,16798217.895621184,Paid
B6579,6579,2024-11-12,5601324.574596562,Partial
B6584,6584,2024-02-01,17182958.445243776,Paid
B6585,6585,2024-03-26,10127223.39463282,Paid
B6602,6602,2024-05-25,19170602.26151198,Partial
B6609,6609,2025-01-29,21970070.962528303,Partial
B6612,6612,2024-02-23,6138600.700871372,Paid
B6614,6614,2025-01-28,12616662.63663507,Partial
B6615,6615,2024-12-20,22853582.37232587,Paid
B6626,6626,2024-06-23,16317312.633622274,Partial
B6630,6630,2024-12-04,14333054.700399827,Paid
B6635,6635,2024-02-09,15566707.71400202,Partial
B6636,6636,2024-03-31,13011534.92326846,Partial
B6645,6645,2024-10-25,13642042.970914267,Paid
B6646,6646,2024-05-19,7298888.031869246,Paid
B6652,6652,2024-12-19,11675803.553193754,Pending
B6654,6654,2024-06-17,17131513.01980245,Pending
B6655,6655,2024-12-11,14768147.172100157,Partial
B6666,6666,2024-09-27,11890166.439306563,Partial
B6667,6667,2024-04-20,10705121.866679022,Pending
B6674,6674,2024-02-01,19575378.82067869,Paid
B6684,6684,2024-07-21,20979068.689085964,Paid
B6695,6695,2024-07-09,15704608.945959765,Pending
B6696,6696,2024-09-25,7935137.994181861,Pending
B6697,6697,2024-04-13,6712352.71008021,Partial
B6699,6699,2024-06-19,14051840.131215118,Partial
B6701,6701,2024-05-27,5577441.560610871,Pending
B6702,6702,2024-10-09,18567208.78639534,Partial
B6706,6706,2024-06-04,11365943.743189942,Partial
B6707,6707,2024-08-20,10921010.200391233,Pending
B6711,6711,2024-03-05,6966342.394954953,Paid
B6714,6714,2024-10-16,12547363.89854694,Pending
B6720,6720,2024-05-06,19612714.04160888,Paid
B6724,6724,2024-03-01,13373672.109617991,Pending
B6735,6735,2024-03-07,14085712.648128003,Partial
B6747,6747,2025-02-03,4022543.372107384,Partial
B6757,6757,2024-02-17,5434815.712169574,Partial
B6769,6769,2024-10-23,14484121.590347659,Pending
B6772,6772,2024-01-20,19876696.052535433,Pending
B6774,6774,2024-02-26,4785220.032836256,Paid
B6780,6780,2024-03-20,17239699.77902996,Partial
B6788,6788,2024-10-17,13760829.515494607,Pending
B6791,6791,2024-05-16,10273853.617508283,Paid
B6792,6792,2024-04-14,21542776.264264148,Partial
B6794,6794,2024-04-15,11781244.549552225,Pending
B6803,6803,2024-08-02,17624063.541666724,Partial
B6814,6814,2024-10-27,4711716.146522302,Partial
B6826,6826,2024-04-28,9688805.973072575,Pending
B6831,6831,2024-06-20,14348886.540506475,Pending
B6832,6832,2024-04-18,6006482.638917747,Partial
B6835,6835,2025-01-01,14356766.511748953,Partial
B6836,6836,2024-09-09,6139016.058674267,Partial
B6848,6848,2024-03-20,20568826.170119513,Paid
B6851,6851,2024-08-20,18493060.883164022,Paid
B6857,6857,2024-04-05,20288068.771618716,Paid
B6860,6860,2024-06-22,13063092.836365461,Paid
B6865,6865,2024-09-25,22313886.59974058,Pending
B6868,6868,2024-05-01,4896381.066145842,Pending
B6870,6870,2024-01-24,12163830.503234817,Pending
B6875,6875,2024-09-30,10070174.407566877,Pending
B6878,6878,2024-11-03,9226410.507255198,Partial
B6900,6900,2025-02-14,14824952.436498947,Pending
B6901,6901,2024-08-27,7634043.22425572,Partial
B6904,6904,2024-06-26,21954874.932494104,Partial
B6906,6906,2024-10-21,19560421.986508798,Paid
B6912,6912,2024-07-12,11858328.188665405,Partial
B6913,6913,2024-03-24,7644168.680069466,Pending
B6926,6926,2024-03-14,16978014.601634044,Paid
B6927,6927,2024-06-26,9568471.60399971,Pending
B6928,6928,2024-06-12,8066828.827022846,Partial
B6933,6933,2024-03-12,10949483.636359079,Partial
B6937,6937,2024-09-08,16359721.219823204,Paid
B6939,6939,2024-06-07,14317580.668243818,Pending
B6951,6951,2024-12-14,4008052.5324167763,Pending
B6956,6956,2024-11-24,18419041.1868515,Pending
B6964,6964,2024-05-19,9214112.786033317,Partial
B6969,6969,2024-11-25,14602496.639948899,Paid
B6972,6972,2024-11-15,16010490.73282014,Pending
B6985,6985,2025-02-11,13505220.253994858,Pending
B6999,6999,2024-10-16,10912436.45025323,Pending
B7007,7007,2024-09-12,3882294.3804300916,Partial
B7013,7013,2024-05-26,15612892.570031816,Pending
B7017,7017,2024-03-12,10314309.414088445,Partial
B7021,7021,2025-01-01,6595260.812825449,Partial
B7025,7025,2024-10-02,5732701.05220364,Partial
B7033,7033,2024-02-16,7084625.654009085,Paid
B7044,7044,2024-12-07,12142013.406752488,Pending
B7052,7052,2024-06-19,19532671.811646793,Partial
B7067,7067,2024-10-30,20491440.821601592,Paid
B7070,7070,2024-12-25,19284467.272126462,Partial
B7074,7074,2024-02-22,7474684.184843786,Paid
B7075,7075,2024-10-25,6302285.168684865,Partial
B7077,7077,2024-03-16,15074691.22659316,Partial
B7079,7079,2024-09-01,11211092.694134673,Paid
B7086,7086,2024-07-20,16956331.58688769,Partial
B7103,7103,2024-05-02,14935223.055060236,Paid
B7113,7113,2024-02-10,12274820.813120851,Paid
B7120,7120,2024-03-26,18762020.44959459,Partial
B7144,7144,2024-11-06,4093472.361824023,Paid
B7155,7155,2024-12-13,9956661.499036176,Partial
B7158,7158,2024-04-13,11110563.373159967,Partial
B7159,7159,2024-10-03,21978261.355845597,Partial
B7168,7168,2024-05-14,3978179.354334617,Partial
B7177,7177,2024-10-25,16080739.951721095,Pending
B7190,7190,2024-11-11,20801221.540206708,Partial
B7193,7193,2025-01-26,9363232.611073498,Paid
B7194,7194,2025-01-08,19401287.47936806,Pending
B7196,7196,2024-11-20,7399855.899941322,Paid
B7197,7197,2024-06-08,17581553.226797268,Partial
B7200,7200,2024-08-11,10403803.412118563,Partial
B7205,7205,2024-01-25,17621792.315679163,Partial
B7207,7207,2024-08-31,16676376.10589005,Partial
B7214,7214,2024-11-06,14589135.19912785,Partial
B7225,7225,2024-03-19,13316960.56232629,Pending
B7232,7232,2024-12-05,9854948.326366674,Paid
B7239,7239,2025-01-09,11944135.99074783,Partial
B7244,7244,2024-03-21,5833423.859068302,Partial
B7245,7245,2025-02-24,13211356.70381739,Pending
B7260,7260,2024-04-02,8917516.248693496,Partial
B7279,7279,2024-06-17,9808978.517605824,Paid
B7297,7297,2024-03-13,22925702.619545575,Pending
B7310,7310,2024-05-22,3566912.223720122,Partial
B7318,7318,2024-07-11,18112210.233549416,Partial
B7343,7343,2024-11-01,6967659.339781054,Paid
B7346,7346,2024-03-08,15846559.110365797,Pending
B7359,7359,2024-03-19,17955368.857150637,Partial
B7368,7368,2024-10-28,17644599.908050917,Paid
B7376,7376,2024-02-17,13836453.835904092,Partial
B7379,7379,2024-09-04,10653978.600341702,Pending
B7410,7410,2024-03-15,22537789.338825725,Pending
B7419,7419,2024-11-12,6267865.752351003,Paid
B7425,7425,2024-11-26,3712553.7079816624,Paid
B7433,7433,2024-12-13,11569765.39757047,Partial
B7442,7442,2024-05-28,6978660.173517731,Pending
B7456,7456,2024-12-04,10900005.095425596,Paid
B7459,7459,2025-02-03,10722798.587185083,Partial
B7464,7464,2025-01-17,6918578.141856504,Pending
B7468,7468,2024-03-10,15833836.204504155,Paid
B7471,7471,2024-05-13,11382184.330624903,Partial
B7481,7481,2024-12-20,13050544.465559138,Paid
B7485,7485,2024-03-12,9235144.036000896,Paid
B7497,7497,2024-05-16,7960079.0331024695,Paid
B7500,7500,2024-11-03,14834583.900730524,Partial
B7501,7501,2024-12-23,15041937.916067066,Paid
B7507,7507,2025-01-16,6016216.572636588,Paid
B7509,7509,2024-09-30,11916522.871955551,Pending
B7512,7512,2024-01-15,10471345.472793141,Partial
B7520,7520,2024-06-01,7369918.895074782,Pending
B7539,7539,2024-03-18,8832056.355176158,Pending
B7541,7541,2024-04-15,14182872.97992322,Partial
B7544,7544,2024-10-10,8847855.532247715,Paid
B7546,7546,2024-07-13,9657303.850800712,Paid
B7556,7556,2024-11-18,9731379.067330586,Partial
B7568,7568,2024-11-13,17588078.720410973,Pending
B7596,7596,2025-01-03,9585075.516236294,Paid
B7600,7600,2024-10-15,17635585.87904528,Pending
B7607,7607,2024-03-06,21240098.33476842,Paid
B7610,7610,2024-08-10,14761597.281913418,Pending
B7611,7611,2024-06-01,17724260.38928245,Partial
B7613,7613,2024-06-07,14474835.709889477,Paid
B7617,7617,2024-02-22,17418013.367543634,Paid
B7619,7619,2024-09-19,16889761.06020906,Partial
B7623,7623,2024-09-04,15934622.865332462,Paid
B7638,7638,2025-01-09,5413863.226654854,Partial
B7663,7663,2024-05-05,18744574.231097158,Pending
B7671,7671,2024-12-16,19277885.75607483,Pending
B7673,7673,2025-02-15,19692662.35994564,Partial
B7676,7676,2024-09-28,15482845.050321406,Pending
B7679,7679,2024-08-14,13411847.361702036,Paid
B7710,7710,2024-12-22,14378975.118481593,Paid
B7726,7726,2024-09-29,16492126.277473694,Paid
B7731,7731,2024-07-16,12885555.464861833,Paid
B7750,7750,2024-11-10,16864822.4499034,Paid
B7751,7751,2024-07-24,11892696.217383476,Partial
B7764,7764,2024-03-29,9467964.776148051,Paid
B7777,7777,2024-11-19,7294301.0314122345,Paid
B7779,7779,2024-02-07,21474454.01816113,Pending
B7783,7783,2024-01-25,18903018.547199424,Pending
B7797,7797,2024-02-28,7771083.423911073,Partial
B7802,7802,2024-07-15,12825577.615093533,Paid
B7803,7803,2024-10-12,9958983.95415279,Paid
B7807,7807,2024-05-12,17908078.71366057,Paid
B7810,7810,2024-07-03,17927112.366955496,Partial
B7811,7811,2024-02-29,7249004.93482321,Paid
B7822,7822,2024-07-18,6640820.200070006,Paid
B7832,7832,2024-12-16,7267720.948233265,Paid
B7838,7838,2024-07-06,5212382.895670013,Paid
B7849,7849,2024-10-11,11045457.582041515,Pending
B7856,7856,2024-02-27,6988265.189626147,Pending
B7865,7865,2024-06-07,15164601.701152816,Pending
B7866,7866,2024-09-20,11929295.74369529,Pending
B7869,7869,2024-01-26,14397825.156615708,Pending
B7873,7873,2024-10-20,10094101.322491007,Paid
B7874,7874,2024-06-11,20554393.24588643,Partial
B7880,7880,2024-01-12,10425354.22873431,Pending
B7886,7886,2024-03-26,19692676.616424967,Pending
B7889,7889,2024-05-12,7590731.043667059,Paid
B7890,7890,2024-08-30,19018180.178744696,Pending
B7899,7899,2024-10-17,8746958.559164202,Paid
B7902,7902,2024-06-29,4256442.91646366,Partial
B7915,7915,2024-09-08,8282133.787637441,Partial
B7917,7917,2024-08-08,4800389.8599948445,Partial
B7924,7924,2024-11-02,16737964.048452683,Pending
B7926,7926,2025-01-12,9830943.047328284,Paid
B7953,7953,2024-04-01,3858788.4836441493,Pending
B7954,7954,2024-02-24,4660690.2959986655,Partial
B7959,7959,2024-06-04,7970390.9992791535,Pending
B7960,7960,2024-11-10,13361815.279167837,Pending
B7975,7975,2024-08-28,19531452.49181932,Partial
B7987,7987,2024-01-18,17417084.76922428,Pending
B7989,7989,2024-12-26,18879494.15184231,Paid
B7996,7996,2024-10-01,16692641.279430179,Paid
B8001,8001,2024-08-24,16030462.360253414,Partial
B8004,8004,2025-01-15,16494878.713343028,Paid
B8010,8010,2024-06-22,10416451.25804043,Paid
B8024,8024,2024-06-08,10265180.21523688,Paid
B8026,8026,2024-05-20,20443650.87700625,Paid
B8033,8033,2024-07-25,6967113.936017593,Pending
B8041,8041,2024-01-15,13119543.828264473,Partial
B8042,8042,2024-11-25,5917182.11735327,Paid
B8044,8044,2024-11-02,16733265.644535782,Paid
B8056,8056,2024-09-25,8832809.340460686,Pending
B8060,8060,2024-03-20,21373874.6720211,Partial
B8061,8061,2024-12-09,13719158.500695031,Partial
B8067,8067,2024-05-21,17987240.517519034,Partial
B8071,8071,2024-12-27,7403123.4297883315,Partial
B8074,8074,2025-01-23,13787950.48704189,Pending
B8075,8075,2024-03-16,7487036.537227844,Paid
B8082,8082,2024-05-18,18727129.8013083,Paid
B8088,8088,2024-08-01,16443860.521179533,Partial
B8093,8093,2024-03-03,13081625.83067354,Partial
B8104,8104,2024-11-09,12107086.872041516,Pending
B8105,8105,2025-01-06,9124326.161666915,Partial
B8109,8109,2024-11-30,18782997.737130776,Paid
B8113,8113,2024-10-21,12680700.405569458,Pending
B8117,8117,2024-09-29,11774400.98789939,Paid
B8120,8120,2024-06-27,13494861.991240814,Pending
B8126,8126,2024-05-19,14687275.958652629,Partial
B8128,8128,2025-02-24,8083307.557171138,Partial
B8130,8130,2024-09-11,16160120.627545025,Partial
B8148,8148,2024-06-06,17626086.105556447,Pending
B8151,8151,2024-12-22,3176729.060339332,Paid
B8154,8154,2024-07-19,6371953.09250369,Pending
B8155,8155,2024-11-29,10192624.043444606,Paid
B8165,8165,2024-03-27,15292185.782141134,Pending
B8168,8168,2024-12-15,11578031.49087741,Partial
B8173,8173,2024-05-30,14658235.822316865,Pending
B8181,8181,2024-07-09,9556548.951619502,Pending
B8188,8188,2024-09-15,8509972.869837625,Paid
B8200,8200,2024-12-29,18421293.397109367,Paid
B8205,8205,2024-11-24,9855886.276801186,Pending
B8211,8211,2024-11-19,16680471.136966508,Paid
B8213,8213,2024-12-04,13073729.402257636,Pending
B8222,8222,2024-09-08,18999903.34572065,Pending
B8225,8225,2025-01-30,9471605.931700379,Paid
B8229,8229,2024-11-04,10332654.037886068,Partial
B8245,8245,2024-12-02,11352031.524156388,Partial
B8247,8247,2024-12-28,19907713.33428015,Paid
B8248,8248,2024-07-20,12776747.2891714,Pending
B8258,8258,2024-12-30,13841853.068697795,Paid
B8259,8259,2024-02-01,4581251.163436434,Pending
B8268,8268,2024-04-03,15185349.726860432,Pending
B8271,8271,2024-08-17,10237498.94886097,Paid
B8273,8273,2024-01-28,7262370.917951362,Paid
B8276,8276,2024-04-04,20019183.695622798,Partial
B8279,8279,2024-12-13,13873501.078411585,Paid
B8283,8283,2025-01-03,7179734.134585326,Partial
B8298,8298,2024-09-04,5569752.063816189,Paid
B8308,8308,2024-11-18,16933656.261665896,Pending
B8309,8309,2024-11-22,21542167.042375114,Paid
B8312,8312,2024-05-11,10640536.930450736,Paid
B8324,8324,2024-08-09,12104363.502484413,Partial
B8326,8326,2024-08-30,10800072.094667949,Pending
B8335,8335,2024-09-18,12358397.743476521,Partial
B8349,8349,2024-09-23,18185557.380262528,Paid
B8362,8362,2024-03-13,10183457.169738889,Partial
B8363,8363,2024-12-23,14671406.771666626,Partial
B8364,8364,2024-09-07,18592505.621997364,Paid
B8365,8365,2024-12-11,4416311.757426933,Paid
B8366,8366,2024-09-15,4888901.419723592,Pending
B8367,8367,2024-04-01,4704727.5663038865,Pending
B8378,8378,2024-11-18,10465088.36761031,Partial
B8380,8380,2024-09-01,16964119.124240182,Partial
B8391,8391,2025-02-21,8835475.023814555,Paid
B8397,8397,2024-07-09,5267618.3097336795,Paid
B8421,8421,2024-03-06,12775185.887111166,Pending
B8423,8423,2025-01-02,16557470.495599898,Pending
B8435,8435,2024-07-08,17179697.82943909,Pending
B8440,8440,2024-07-08,14791018.825226963,Paid
B8442,8442,2024-04-17,15560697.984438691,Pending
B8448,8448,2024-07-26,14033014.736899013,Pending
B8458,8458,2024-10-23,19484111.626422957,Pending
B8459,8459,2024-04-20,21102732.718083855,Paid
B8460,8460,2024-11-01,13073066.51533446,Paid
B8481,8481,2024-07-12,13104499.553328365,Pending
B8489,8489,2024-11-15,4298658.830882271,Partial
B8494,8494,2025-01-28,3564589.780627059,Pending
B8499,8499,2024-05-18,18362413.78686553,Partial
B8512,8512,2024-11-21,7199442.138214361,Paid
B8518,8518,2024-09-12,4331933.240460308,Partial
B8520,8520,2024-08-22,22345132.531442497,Pending
B8524,8524,2024-06-30,9817906.5754352,Pending
B8526,8526,2024-06-14,22067138.026844062,Paid
B8538,8538,2025-01-10,19584540.40819532,Paid
B8547,8547,2024-07-01,4485563.108241767,Pending
B8549,8549,2024-03-26,9887942.962184057,Pending
B8550,8550,2024-08-31,9954356.456973605,Paid
B8561,8561,2024-03-30,10451633.06911869,Partial
B8562,8562,2024-02-08,13523150.68553336,Partial
B8574,8574,2024-03-12,14699274.138254784,Partial
B8595,8595,2024-01-12,19582655.368817423,Pending
B8598,8598,2024-07-08,20039318.169870034,Pending
B8607,8607,2025-01-13,19696804.956330996,Partial
B8628,8628,2024-06-06,8920685.919329891,Pending
B8632,8632,2024-04-18,3036328.791024292,Partial
B8633,8633,2024-08-12,15236018.997637987,Pending
B8638,8638,2024-11-17,18650522.243386474,Pending
B8647,8647,2024-05-15,18337029.645529047,Partial
B8650,8650,2024-09-02,5614514.734184793,Partial
B8653,8653,2024-05-26,19060043.155963663,Partial
B8657,8657,2024-08-01,11501493.37078944,Paid
B8660,8660,2024-05-31,11301110.551732032,Partial
B8666,8666,2025-01-07,16344493.993125683,Pending
B8670,8670,2024-12-23,7011114.63659525,Pending
B8672,8672,2024-06-01,4263405.202991714,Partial
B8689,8689,2024-09-16,18385398.239116523,Partial
B8692,8692,2024-07-11,16153314.08680167,Paid
B8699,8699,2024-10-05,12763186.919371806,Partial
B8718,8718,2024-11-20,10154336.84789179,Paid
B8721,8721,2024-05-08,10277308.900308443,Pending
B8734,8734,2025-01-04,8981958.82145826,Pending
B8746,8746,2024-07-09,10780041.37129894,Partial
B8752,8752,2024-12-17,14529087.89880881,Paid
B8758,8758,2024-03-01,17333969.265902225,Partial
B8781,8781,2025-01-30,13060154.56955034,Paid
B8799,8799,2024-12-29,15006917.895143805,Paid
B8803,8803,2024-04-02,14950350.757355405,Pending
B8815,8815,2024-11-19,9449742.275483517,Pending
B8818,8818,2025-01-12,15861686.149819644,Partial
B8825,8825,2024-08-13,13529539.62972986,Partial
B8828,8828,2025-01-09,11641555.526359778,Paid
B8830,8830,2024-03-03,5105562.777644524,Pending
B8839,8839,2024-03-21,12801373.679962192,Paid
B8842,8842,2024-12-29,12228677.530464733,Pending
B8843,8843,2024-08-07,11279544.44883099,Pending
B8848,8848,2024-08-19,8066234.206852582,Paid
B8849,8849,2025-01-24,6201078.961543886,Pending
B8852,8852,2024-06-10,7944709.62982508,Paid
B8858,8858,2025-01-16,3062996.1395619186,Paid
B8876,8876,2024-06-12,16836230.466284923,Pending
B8880,8880,2024-12-01,14518857.631124793,Paid
B8881,8881,2024-05-17,21533326.553836614,Partial
B8882,8882,2024-08-05,6708981.456943865,Partial
B8889,8889,2024-02-23,4109161.9377679764,Partial
B8890,8890,2024-11-30,10038934.420395115,Partial
B8891,8891,2025-01-08,17004891.099104974,Partial
B8902,8902,2024-07-30,9508103.139874257,Partial
B8904,8904,2024-05-05,17661243.801062483,Pending
B8905,8905,2024-09-26,11657322.325142326,Paid
B8906,8906,2024-06-09,17287197.907107674,Paid
B8907,8907,2024-11-03,10138065.27929058,Pending
B8914,8914,2024-12-14,7873045.011246984,Pending
B8917,8917,2024-06-25,20718450.04883304,Partial
B8929,8929,2025-01-21,16021045.65615841,Partial
B8931,8931,2024-12-26,12026211.486545369,Partial
B8939,8939,2024-04-23,15675863.934998903,Paid
B8944,8944,2024-07-28,16087937.078035032,Partial
B8945,8945,2024-07-24,20896178.061636083,Pending
B8948,8948,2024-09-27,13305496.873293,Paid
B8949,8949,2024-11-25,22850024.262788724,Paid
B8960,8960,2024-02-07,7763467.431897208,Pending
B8961,8961,2024-05-31,4927043.623747486,Paid
B8965,8965,2024-06-24,22896979.852815893,Paid
B8968,8968,2024-08-16,22219781.132344052,Pending
B8972,8972,2024-03-17,21064790.87195362,Pending
B8980,8980,2024-10-30,18276949.085440297,Pending
B8982,8982,2025-01-04,13652944.921278061,Pending
B8990,8990,2024-07-24,7629412.159011818,Partial
B8996,8996,2024-08-06,15003393.4389592,Partial
B9000,9000,2024-05-25,17825433.026482634,Partial
B9001,9001,2024-08-20,11727116.02478106,Partial
B9002,9002,2024-05-17,6824848.363690354,Pending
B9006,9006,2024-09-19,17936595.381725475,Paid
B9008,9008,2024-12-18,19073216.691517368,Paid
B9009,9009,2024-06-06,10467419.62456952,Partial
B9016,9016,2024-08-16,21475441.26377522,Pending
B9025,9025,2024-08-26,11834106.762038793,Partial
B9026,9026,2024-09-09,5493341.104157738,Pending
B9027,9027,2024-09-06,21983708.33262308,Paid
B9033,9033,2024-04-25,7903772.155601007,Paid
B9045,9045,2024-03-18,6413608.985520615,Partial
B9067,9067,2024-10-21,8555962.703859232,Paid
B9069,9069,2024-02-22,8135163.4979900075,Pending
B9104,9104,2024-03-28,12591570.147598779,Paid
B9109,9109,2024-02-18,11118817.059980955,Pending
B9110,9110,2024-04-15,17625718.712795556,Partial
B9111,9111,2024-07-14,7729104.538326143,Pending
B9137,9137,2024-12-30,16650275.377547499,Partial
B9142,9142,2024-08-15,13631976.766196433,Paid
B9147,9147,2024-08-23,6149458.606541747,Pending
B9148,9148,2024-11-26,16840517.945342932,Partial
B9152,9152,2024-06-24,13187715.739791725,Pending
B9154,9154,2024-08-08,5724022.17947559,Partial
B9160,9160,2024-03-01,16124328.342112875,Paid
B9163,9163,2024-04-27,17460955.519055855,Pending
B9164,9164,2024-10-01,5690089.493296871,Partial
B9181,9181,2024-09-13,19555440.154958088,Partial
B9183,9183,2024-06-06,13122005.081712719,Pending
B9196,9196,2024-01-16,5919577.674495767,Pending
B9207,9207,2024-11-04,16524890.645938152,Partial
B9210,9210,2024-05-26,11383459.831938537,Pending
B9211,9211,2024-08-25,19555453.029403053,Partial
B9222,9222,2024-08-14,14337576.702642726,Paid
B9224,9224,2024-05-19,18501573.880458195,Pending
B9230,9230,2024-09-24,12986680.727895781,Partial
B9232,9232,2025-01-04,16867547.530364506,Paid
B9235,9235,2024-02-27,5834294.096942215,Partial
B9237,9237,2024-11-23,17185534.058034115,Paid
B9241,9241,2024-11-20,11168127.463001221,Pending
B9248,9248,2024-10-16,11121946.374529075,Pending
B9251,9251,2024-07-04,16781067.042122833,Pending
B9263,9263,2024-04-27,16837945.772853583,Partial
B9264,9264,2024-06-07,5840597.855208511,Paid
B9278,9278,2025-01-08,17282569.441555906,Partial
B9283,9283,2024-05-25,12032024.601571988,Partial
B9287,9287,2024-12-03,5592712.664989424,Partial
B9293,9293,2024-10-16,20942881.93346673,Partial
B9303,9303,2024-11-12,14090943.7925539,Pending
B9311,9311,2024-08-19,17414778.849852603,Paid
B9313,9313,2024-02-19,11631240.856922515,Partial
B9317,9317,2024-02-10,13651656.547058038,Partial
B9323,9323,2024-01-15,21084944.628632057,Paid
B9327,9327,2024-02-22,13051183.950060457,Pending
B9334,9334,2024-01-24,20793569.38271036,Partial
B9336,9336,2024-09-10,5824868.499655194,Paid
B9339,9339,2024-03-21,9660897.589317195,Partial
B9349,9349,2024-02-28,15564325.808443185,Paid
B9367,9367,2024-07-04,6120644.469377574,Pending
B9373,9373,2024-02-26,22800122.52329823,Partial
B9374,9374,2024-03-03,6428050.886631936,Partial
B9401,9401,2024-10-09,12611665.985115198,Partial
B9405,9405,2024-06-05,10724735.869288605,Pending
B9406,9406,2024-08-12,18601255.08606454,Paid
B9407,9407,2025-01-17,5621152.180572632,Paid
B9417,9417,2024-02-10,21512519.53862105,Paid
B9420,9420,2024-02-07,6002484.751737832,Pending
B9421,9421,2024-07-03,3080363.3976916266,Pending
B9433,9433,2024-01-11,5141211.408157537,Partial
B9437,9437,2024-09-23,6306247.694706196,Paid
B9438,9438,2024-12-26,13282015.402657283,Pending
B9442,9442,2024-01-30,12512931.10748116,Paid
B9444,9444,2024-03-31,19783570.71794652,Pending
B9454,9454,2024-08-11,19901288.568565417,Paid
B9467,9467,2024-03-29,6884518.550682093,Paid
B9468,9468,2024-02-10,8813483.446212566,Partial
B9475,9475,2024-12-29,15433089.768715676,Paid
B9485,9485,2024-03-16,6434552.7230891,Pending
B9486,9486,2025-01-21,5208709.653745899,Paid
B9502,9502,2024-07-18,16310283.671000788,Pending
B9515,9515,2024-06-24,11885677.295618806,Pending
B9519,9519,2024-11-19,16703939.254793629,Partial
B9520,9520,2024-02-24,9114792.31675712,Paid
B9528,9528,2024-11-03,16622174.867353851,Partial
B9529,9529,2024-02-04,14220219.058342852,Paid
B9568,9568,2024-11-09,10876160.923606697,Paid
B9573,9573,2025-02-14,18566183.1176769,Pending
B9585,9585,2024-08-19,6165646.208252528,Paid
B9588,9588,2024-05-02,3121594.5075906655,Paid
B9592,9592,2025-01-13,14131910.840650516,Partial
B9595,9595,2024-06-06,13598816.788084889,Pending
B9597,9597,2024-06-02,3491825.2461713953,Pending
B9605,9605,2025-01-10,3998539.571705961,Partial
B9610,9610,2024-09-26,17590856.63096043,Paid
B9616,9616,2024-02-10,4996080.442571846,Partial
B9621,9621,2024-04-04,17687720.796332177,Partial
B9623,9623,2024-06-03,3694541.1896349406,Partial
B9630,9630,2025-02-06,3693812.9478555736,Partial
B9631,9631,2024-10-27,10723586.811230129,Partial
B9640,9640,2024-01-31,18377693.03330777,Partial
B9648,9648,2024-09-25,14744104.652765257,Paid
B9656,9656,2024-08-03,19794388.63788558,Pending
B9659,9659,2024-02-05,15635486.116008813,Pending
B9665,9665,2024-10-28,12719624.211169234,Partial
B9667,9667,2024-09-14,6675735.665765233,Paid
B9673,9673,2024-01-17,11253644.850866321,Pending
B9679,9679,2024-07-19,18980499.20515178,Pending
B9680,9680,2025-01-26,7125175.182310808,Partial
B9682,9682,2024-11-05,14779455.565093005,Paid
B9684,9684,2024-09-14,7580690.868703302,Paid
B9688,9688,2024-08-08,14148415.998046234,Paid
B9693,9693,2024-11-28,11446605.090018066,Partial
B9699,9699,2024-07-19,9807700.099097472,Paid
B9709,9709,2024-12-24,13992004.34473925,Paid
B9712,9712,2024-07-05,15494553.966847707,Pending
B9721,9721,2024-10-19,4713500.379108394,Pending
B9722,9722,2024-03-31,15383207.344250845,Paid
B9725,9725,2024-06-29,9648304.165369868,Partial
B9731,9731,2024-09-06,17801485.173777707,Pending
B9734,9734,2024-06-25,8577174.203364106,Pending
B9738,9738,2024-05-06,13043924.798400145,Paid
B9751,9751,2024-02-15,18019272.88718249,Pending
B9759,9759,2024-06-28,12621474.292500617,Paid
B9775,9775,2025-01-13,18890072.872541197,Paid
B9779,9779,2024-07-07,20399333.78209199,Paid
B9789,9789,2024-11-30,14764517.657962931,Paid
B9797,9797,2024-09-10,15095195.946202645,Pending
B9802,9802,2024-10-31,16988212.32715205,Paid
B9807,9807,2024-06-17,11780612.11818628,Pending
B9825,9825,2024-12-01,15780718.87721203,Partial
B9827,9827,2024-08-27,12096104.597919751,Paid
B9828,9828,2024-02-18,16840518.789115153,Paid
B9831,9831,2024-06-03,21923511.33290949,Paid
B9835,9835,2024-06-08,12431537.875117445,Paid
B9849,9849,2024-02-16,3594239.76602356,Partial
B9876,9876,2024-07-23,18176454.30169106,Paid
B9878,9878,2024-07-30,17358257.439897172,Pending
B9887,9887,2024-02-26,17779703.768632445,Paid
B9892,9892,2024-07-30,6965891.87610216,Partial
B9897,9897,2024-12-14,18414698.892309394,Paid
B9903,9903,2024-05-29,5858084.264860795,Partial
B9913,9913,2024-10-08,12398318.2419138,Paid
B9920,9920,2024-03-11,16972097.88647864,Paid
B9922,9922,2024-10-06,6082960.850204568,Pending
B9923,9923,2024-12-17,17708781.03644449,Pending
B9934,9934,2024-09-19,8668381.323886847,Paid
B9938,9938,2024-03-16,16361257.190336147,Pending
B9942,9942,2024-05-21,4685117.746319547,Paid
B9943,9943,2024-01-31,18555413.207805246,Paid
B9945,9945,2024-05-14,21393796.760383487,Pending
B9946,9946,2024-04-14,9942141.83013967,Pending
B9947,9947,2024-03-24,15955009.179106936,Paid
B9956,9956,2024-08-15,12971167.025912164,Pending
B9983,9983,2024-09-23,5097722.538246248,Partial
B9984,9984,2024-05-14,4513093.71580805,Pending
B9988,9988,2024-11-29,12723184.741726454,Pending
B10000,10000,2024-08-07,9978082.072461138,Pending
